user_id,status,date_of_birth,gender,marital_status,city,avg_income,work_experience,total_service_month,age
65a49860c82194319d884204,21,1981-12-10,0,1,KABUPATEN BEKASI,,,,43
65a0e3c40bcf99800b9c292a,22,1987-07-06,0,1,KABUPATEN BEKASI,6582400.0,Gojek,72.0,38
65cc42cfa3d3b8b472d22cfc,22,1993-08-25,0,0,KABUPATEN BEKASI,3060000.0,Grab,84.0,31
65a0e8e40bcf99800b9c326c,22,1998-02-17,0,1,KABUPATEN KEPULAUAN SERIBU,6880125.0,Gojek,36.0,27
659e53610bcf99800b9c1979,22,1988-11-10,0,0,KOTA BEKASI,3020067.0,Grab,48.0,36
65dda706989d6bddbed4f302,22,1983-07-22,0,1,KOTA DEPOK,4980000.0,Gojek,60.0,41
65f441de1c653060e1d319f1,22,1995-06-13,0,0,KOTA DEPOK,3000000.0,Grab,72.0,30
65a0e8730bcf99800b9c31ca,22,1992-07-27,0,1,KOTA JAKARTA BARAT,6894400.0,Gojek,48.0,32
65f322b71c653060e1d2d6eb,22,1973-11-21,0,1,KOTA JAKARTA BARAT,3199267.0,Grab,70.0,51
65a10e22c82194319d883f07,22,1972-03-23,0,2,KOTA JAKARTA BARAT,,,,53
65c0a17997fe973484425aa0,22,2000-09-02,0,1,KOTA JAKARTA BARAT,3000000.0,Grab,12.0,24
659ccbce0bcf99800b9c06be,22,1966-02-19,0,1,KOTA JAKARTA BARAT,4962500.0,Gojek,47.0,59
659660af89d6bc24534654dc,22,1981-01-15,0,1,KOTA JAKARTA BARAT,4606633.0,Gojek,68.0,44
65a0e12f0bcf99800b9c241f,22,1985-11-13,0,1,KOTA JAKARTA BARAT,5910867.0,Gojek,72.0,39
659e3cd20bcf99800b9c12f9,22,1981-09-08,0,1,KOTA JAKARTA PUSAT,6061433.0,Gojek,48.0,43
659d070a0bcf99800b9c100c,22,1980-12-14,0,1,KOTA JAKARTA SELATAN,,,,44
65a0e0f10bcf99800b9c23b1,20,1990-02-08,0,1,KOTA JAKARTA SELATAN,4013767.0,Gojek,72.0,35
65e1806f8302dcfa80485f74,18,1980-12-04,0,2,KOTA JAKARTA SELATAN,3263333.0,Maxim,36.0,44
65a49826c82194319d8841e0,22,1990-05-15,0,1,KOTA JAKARTA TIMUR,,,,35
65d33aa45b8020b89cf281bd,22,1982-09-11,0,1,KOTA JAKARTA TIMUR,4000000.0,Grab,43.0,42
65a0e8970bcf99800b9c3208,22,1991-02-23,1,1,KOTA JAKARTA TIMUR,3919167.0,Gojek,24.0,34
65a0e3ec0bcf99800b9c2998,22,1977-10-25,0,1,KOTA JAKARTA TIMUR,4239700.0,Gojek,60.0,47
65a0e1520bcf99800b9c248c,22,1976-10-04,0,1,KOTA JAKARTA UTARA,2606000.0,Grab,60.0,48
65a497f1c82194319d8841bc,22,1979-11-08,0,1,KOTA JAKARTA UTARA,,,,45
65a0e8b90bcf99800b9c323e,22,1979-09-27,0,1,KOTA JAKARTA UTARA,2165733.0,Grab,60.0,45
65f7b9981c653060e1d3a6a6,22,1988-01-31,0,0,KOTA TANGERANG,4050000.0,Gojek,60.0,37
65e6e04338f4dd5adf55781c,22,1980-02-15,0,1,KOTA TANGERANG,6125000.0,Gojek,60.0,45
6601554f8ffe388b7a8e1477,22,1992-06-14,0,1,KOTA TANGERANG SELATAN,5951967.0,Gojek,48.0,33
65a0e0b80bcf99800b9c2343,22,1985-07-25,0,1,KOTA TANGERANG SELATAN,4952033.0,Gojek,60.0,39
65e736bf38f4dd5adf559519,22,1973-07-10,1,1,KOTA TANGERANG SELATAN,3000000.0,Grab,24.0,52
66ceb0f55b70e69c508822a0,21,1981-08-02,0,1,KOTA JAKARTA PUSAT,3493075.0,Grab,48.0,43
661f4a7ea40090b35794e215,21,1978-06-30,1,1,KOTA JAKARTA PUSAT,3897200.0,Grab,60.0,47
67b5883075d5fc57bef8361f,18,1994-02-21,0,1,KOTA JAKARTA BARAT,3037455.0,Gojek,36.0,31
66505bdaa072500b02c9d99d,21,1988-01-15,0,1,KOTA JAKARTA BARAT,3919710.0,Grab,36.0,37
6701f588c08b7358a3f023b3,18,1985-05-02,0,1,KOTA JAKARTA BARAT,6068167.0,Gojek,60.0,40
673598a09be25200b5cc8c81,18,1987-03-04,1,2,KOTA JAKARTA SELATAN,3547660.0,Gojek,56.0,38
66e8f94a67093109a0604e4c,18,1988-12-20,0,1,KOTA JAKARTA TIMUR,3419552.0,Grab,36.0,36
66f22b0400fb7ea3dd19d93c,18,1991-09-18,0,0,KOTA JAKARTA BARAT,6235133.0,Gojek,48.0,33
66535eeaa072500b02cad408,22,1982-01-31,0,1,KOTA JAKARTA UTARA,3000000.0,Grab,36.0,43
664ca7de65123402778d2f68,18,1983-05-06,0,2,KOTA JAKARTA UTARA,3000000.0,Gojek,48.0,42
661f4ba2a40090b35794e9cb,21,1994-08-06,1,0,KOTA JAKARTA UTARA,3210333.0,Lainnya,36.0,30
667aeeb2a2cf0d77ad53c4f6,18,1980-04-04,0,1,KOTA JAKARTA UTARA,3533733.0,Shopee Express,24.0,45
6789e65706aaf7aa7760119d,16,1982-06-07,0,2,KOTA TANGERANG,3371367.0,Gojek,52.0,43
67b88ce075d5fc57bef92fd3,18,1975-10-09,0,2,KOTA TANGERANG,3685687.0,Gojek,36.0,49
67f4a8f7510833bb93a7949a,18,1994-09-04,0,1,KOTA DEPOK,3749178.0,Grab,36.0,30
66a85f35acbce9de138ea306,18,1998-04-08,0,1,KOTA JAKARTA TIMUR,6491000.0,Gojek,48.0,27
67862b07c7d8c1db1b46bfbc,18,1981-04-26,0,1,KOTA BEKASI,3000000.0,Lainnya,24.0,44
664d808ba072500b02c9688d,22,1985-04-16,0,1,KOTA BEKASI,3925833.0,Gojek,48.0,40
6848dd8cc33bec4411a3047d,16,1987-07-06,0,1,KABUPATEN BEKASI,7833333.0,Gojek,60.0,38
66b44fb2483c9a05361b12bc,22,1979-04-21,0,1,KABUPATEN BEKASI,4891333.0,Gojek,60.0,46
66820f1112259cd8e49cfa8d,22,1971-10-20,0,1,KABUPATEN BEKASI,3152000.0,Grab,48.0,53
661f478da40090b35794db38,22,1985-03-17,0,1,KOTA JAKARTA SELATAN,3668000.0,Gojek,60.0,40
6798fae18a3070feb2e498fd,18,1985-11-09,0,1,KABUPATEN PEKALONGAN,5015493.0,Gojek,48.0,39
